street,rent_psf,tier,wards,source,url,retrieved
J.M. Road,420,premium,ward:Balgandharva;place:Deccan Gymkhana,Cushman & Wakefield Pune Retail MarketBeat Q2 2026 (prime high-street asking rent; ground floor; carpet area),https://www.cushmanwakefield.com/en/india/insights/pune-marketbeat,2026-09-28
M.G. Road,360,premium,place:Pune Cantonment,Cushman & Wakefield Pune Retail MarketBeat Q2 2026 (prime high-street asking rent; ground floor; carpet area),https://www.cushmanwakefield.com/en/india/insights/pune-marketbeat,2026-09-28
F.C. Road,350,premium,place:Shivajinagar;ward:Balgandharva,Cushman & Wakefield Pune Retail MarketBeat Q2 2026 (prime high-street asking rent; ground floor; carpet area),https://www.cushmanwakefield.com/en/india/insights/pune-marketbeat,2026-09-28
Koregaon Park,350,premium,ward:Koregaon Park,Cushman & Wakefield Pune Retail MarketBeat Q2 2026 (prime high-street asking rent; ground floor; carpet area),https://www.cushmanwakefield.com/en/india/insights/pune-marketbeat,2026-09-28
Baner-Balewadi,270,high,ward:Baner Balewadi,Cushman & Wakefield Pune Retail MarketBeat Q2 2026 (prime high-street asking rent; ground floor; carpet area),https://www.cushmanwakefield.com/en/india/insights/pune-marketbeat,2026-09-28
Aundh,250,high,ward:Aundh ITI,Cushman & Wakefield Pune Retail MarketBeat Q2 2026 (prime high-street asking rent; ground floor; carpet area),https://www.cushmanwakefield.com/en/india/insights/pune-marketbeat,2026-09-28
Kothrud-Karve Road,230,mid,place:Erandwane;ward:Dahanukar Colony;ward:Gujrat Colony,Cushman & Wakefield Pune Retail MarketBeat Q2 2026 (prime high-street asking rent; ground floor; carpet area),https://www.cushmanwakefield.com/en/india/insights/pune-marketbeat,2026-09-28
Bund Garden Road,210,mid,ward:Naidu Hospital;ward:Collectorate,Cushman & Wakefield Pune Retail MarketBeat Q2 2026 (prime high-street asking rent; ground floor; carpet area),https://www.cushmanwakefield.com/en/india/insights/pune-marketbeat,2026-09-28
Mumbai-Pune Highway (PCMC),165,value,place:Kasarwadi;place:Pimpri;place:Chinchwad;place:Nigdi,Cushman & Wakefield Pune Retail MarketBeat Q2 2026 (prime high-street asking rent; ground floor; carpet area),https://www.cushmanwakefield.com/en/india/insights/pune-marketbeat,2026-09-28
Pune Satara Road,160,value,place:Swargate;ward:Dhankawadi Padmavati;place:Katraj,Cushman & Wakefield Pune Retail MarketBeat Q2 2026 (prime high-street asking rent; ground floor; carpet area),https://www.cushmanwakefield.com/en/india/insights/pune-marketbeat,2026-09-28
