locality,sq_ft,rent_inr_month,source,url,retrieved
Balewadi,299,24000,Square Yards Pune shop listings (first page),https://www.squareyards.com/rent/shops-for-rent-in-pune,2026-09-28
Kalyani Nagar,750,140000,Square Yards Pune shop listings (first page),https://www.squareyards.com/rent/shops-for-rent-in-pune,2026-09-28
Wakad,3000,675000,Square Yards Pune shop listings (first page),https://www.squareyards.com/rent/shops-for-rent-in-pune,2026-09-28
Dyanesh Park,400,55000,Square Yards Pune shop listings (first page),https://www.squareyards.com/rent/shops-for-rent-in-pune,2026-09-28
Wanwadi,350,23000,Square Yards Pune shop listings (first page),https://www.squareyards.com/rent/shops-for-rent-in-pune,2026-09-28
Bibwewadi,500,50000,Square Yards Pune shop listings (first page),https://www.squareyards.com/rent/shops-for-rent-in-pune,2026-09-28
Ragvilas Society,250,40000,Square Yards Pune shop listings (first page),https://www.squareyards.com/rent/shops-for-rent-in-pune,2026-09-28
Dehu Road,400,45000,Square Yards Pune shop listings (first page),https://www.squareyards.com/rent/shops-for-rent-in-pune,2026-09-28
Kondhwa,180,15000,Square Yards Pune shop listings (first page),https://www.squareyards.com/rent/shops-for-rent-in-pune,2026-09-28
Wakad,650,65000,Square Yards Pune shop listings (first page),https://www.squareyards.com/rent/shops-for-rent-in-pune,2026-09-28
Pune Cantonment,800,125000,Square Yards Pune shop listings (first page),https://www.squareyards.com/rent/shops-for-rent-in-pune,2026-09-28
Punawale,450,59000,Square Yards Pune shop listings (first page),https://www.squareyards.com/rent/shops-for-rent-in-pune,2026-09-28
Mundhwa,2000,280000,Square Yards Pune shop listings (first page),https://www.squareyards.com/rent/shops-for-rent-in-pune,2026-09-28
Perugate,200,32000,Square Yards Pune shop listings (first page),https://www.squareyards.com/rent/shops-for-rent-in-pune,2026-09-28
Kharadi,600,70000,Square Yards Pune shop listings (first page),https://www.squareyards.com/rent/shops-for-rent-in-pune,2026-09-28
Hadapsar,470,65000,Square Yards Pune shop listings (first page),https://www.squareyards.com/rent/shops-for-rent-in-pune,2026-09-28
Viman Nagar,550,125000,Square Yards Pune shop listings (first page),https://www.squareyards.com/rent/shops-for-rent-in-pune,2026-09-28
Baner,410,75000,Square Yards Pune shop listings (first page),https://www.squareyards.com/rent/shops-for-rent-in-pune,2026-09-28
Hinjewadi,250,22000,Square Yards Pune shop listings (first page),https://www.squareyards.com/rent/shops-for-rent-in-pune,2026-09-28
Kondhwa Budruk,373,40000,Square Yards Pune shop listings (first page),https://www.squareyards.com/rent/shops-for-rent-in-pune,2026-09-28
Sinhagad Road,180,53000,Square Yards Pune shop listings (first page),https://www.squareyards.com/rent/shops-for-rent-in-pune,2026-09-28
Kondhwa Budruk,380,20000,Square Yards Pune shop listings (first page),https://www.squareyards.com/rent/shops-for-rent-in-pune,2026-09-28
Katraj,350,65000,Square Yards Pune shop listings (first page),https://www.squareyards.com/rent/shops-for-rent-in-pune,2026-09-28
Nanded,250,45000,Square Yards Pune shop listings (first page),https://www.squareyards.com/rent/shops-for-rent-in-pune,2026-09-28
Talegaon Dabhade,200,10000,Square Yards Pune shop listings (first page),https://www.squareyards.com/rent/shops-for-rent-in-pune,2026-09-28
