key,low,high,unit,basis,note,source,url,retrieved
revenue_cafe_small,300000,500000,INR/month,published,"""A small neighbourhood cafe might generate Rs 3 to 5 lakhs per month""",Best of Exports: Is a Cafe Business Profitable in India? The 2026 Guide,https://bestofexports.com/is-a-cafe-business-profitable-in-india/,2026-09-28
revenue_cafe_mid,1000000,2000000,INR/month,published,"""A well-located, mid-sized cafe can earn between Rs 10 to 20 lakhs monthly""",Best of Exports: Is a Cafe Business Profitable in India? The 2026 Guide,https://bestofexports.com/is-a-cafe-business-profitable-in-india/,2026-09-28
revenue_qsr_small,300000,800000,INR/month,assumption (project brief),No published figure for a small independent QSR's monthly sales was found,Project brief,,2026-09-28
revenue_qsr_franchise,800000,1500000,INR/month,assumption (project brief),Franchisor figures found were sales claims (Rs 25-30 lakh) rather than independent benchmarks,Project brief,,2026-09-28
setup_cafe_small,800000,1500000,INR,published,Small cafe of 200-400 sq ft; the brief's Rs 15-25 lakh is higher than this source,"Restaurant India: Cafe Business in India, Setup Cost, Profit Margins (8 May 2026)",https://www.restaurantindia.in/article/cafe-business-in-india-setup-cost-profit-margins-what-nobody-tells-you.16054,2026-09-28
setup_cafe_mid,1500000,3000000,INR,published,Mid-sized cafe,"Restaurant India: Cafe Business in India, Setup Cost, Profit Margins (8 May 2026)",https://www.restaurantindia.in/article/cafe-business-in-india-setup-cost-profit-margins-what-nobody-tells-you.16054,2026-09-28
setup_qsr_small,1000000,2000000,INR,published,Small QSR of 200-400 sq ft,DineOpen: How to Start a Quick Service Restaurant in India (10 Mar 2026),https://www.dineopen.com/blog/how-to-start-qsr-india.html,2026-09-28
setup_qsr_franchise,1500000,3500000,INR,published,Branded QSR outlets,Rivavya: Franchise Cost in India 2026 (updated 28 Aug 2026),https://www.rivavya.com/blogs/franchise-cost-in-india.html,2026-09-28
sqft_cafe_small,200,400,sq ft,published,Small cafe size,"Restaurant India: Cafe Business in India, Setup Cost, Profit Margins (8 May 2026)",https://www.restaurantindia.in/article/cafe-business-in-india-setup-cost-profit-margins-what-nobody-tells-you.16054,2026-09-28
sqft_cafe_mid,600,1000,sq ft,assumption (model),No published size for a mid-sized cafe was found,Localio assumption,,2026-09-28
sqft_qsr_small,200,400,sq ft,published,Small QSR,DineOpen: How to Start a Quick Service Restaurant in India (10 Mar 2026),https://www.dineopen.com/blog/how-to-start-qsr-india.html,2026-09-28
sqft_qsr_franchise,400,800,sq ft,published,Medium QSR,DineOpen: How to Start a Quick Service Restaurant in India (10 Mar 2026),https://www.dineopen.com/blog/how-to-start-qsr-india.html,2026-09-28
food_cost_pct,0.28,0.35,share of revenue,published,Ideal food cost for cafes and QSRs; gross margin is 1 minus this,DineOpen: Restaurant Profit Margins in India (12 Mar 2026),https://www.dineopen.com/blog/restaurant-profit-margins-india-guide.html,2026-09-28
staff_pct,0.20,0.30,share of revenue,published,Ideal labour cost for cafes and QSRs,DineOpen: Restaurant Profit Margins in India (12 Mar 2026),https://www.dineopen.com/blog/restaurant-profit-margins-india-guide.html,2026-09-28
royalty_pct,0.04,0.08,share of revenue,published,Franchise royalty; applies to the QSR franchise format only,DineOpen: How to Start a Quick Service Restaurant in India (10 Mar 2026),https://www.dineopen.com/blog/how-to-start-qsr-india.html,2026-09-28
net_margin,0.05,0.20,share of revenue,published,Small cafes 5-12%; well-managed cafes 15-20%,"Restaurant India: Cafe Business in India, Setup Cost, Profit Margins (8 May 2026)",https://www.restaurantindia.in/article/cafe-business-in-india-setup-cost-profit-margins-what-nobody-tells-you.16054,2026-09-28
rent_pct_healthy,0.08,0.15,share of revenue,published,Ideal rent for cafes and QSRs,DineOpen: Restaurant Profit Margins in India (12 Mar 2026),https://www.dineopen.com/blog/restaurant-profit-margins-india-guide.html,2026-09-28
rent_burden_flag,0.12,0.12,share of revenue,assumption (project brief),Rent above this share of revenue is flagged,Project brief,,2026-09-28
payback_typical,18,36,months,published,"""It takes 18 to 36 months to recover the initial investment""",Best of Exports: Is a Cafe Business Profitable in India? The 2026 Guide,https://bestofexports.com/is-a-cafe-business-profitable-in-india/,2026-09-28
payback_cap,120,120,months,assumption (project brief),Paybacks beyond this are reported as over ten years,Project brief,,2026-09-28
rent_baseline_psf,94,181,INR/sq ft/month,published,Interquartile range of the 25 Pune shop listings in rent_listings_sample.csv (median 138),Square Yards Pune shop listings,https://www.squareyards.com/rent/shops-for-rent-in-pune,2026-09-28
emerging_multiplier,0.6,0.6,multiplier,assumption (project brief),Rent tier for wards with no published street; below the cheapest published street,Project brief,,2026-09-28
footfall_elasticity,0.12,0.12,exponent,assumption (model),"Revenue x multiplier^0.12. Low on purpose: the multiplier measures outlets per km2, and busier areas draw more outlets to share the trade, so one outlet's takings rise far less than the area's",Localio assumption,,2026-09-28
footfall_clip,0.6,1.6,multiplier,assumption (model),The footfall multiplier stays between 0.6x and 1.6x the format baseline,Localio assumption,,2026-09-28
competition_elasticity,0.08,0.08,exponent,assumption (model),How strongly revenue falls as same-format outlets per 10k residents rise above the city median,Localio assumption,,2026-09-28
competition_clip,0.85,1.1,multiplier,assumption (model),Competition moves revenue by at most -15% or +10%,Localio assumption,,2026-09-28
