corporation,wardnum,voters_2012,hrsl_people,population,method
PMC,1,43263,90540,52829,2012 voters scaled to Census 2011
PMC,2,40567,111251,49537,2012 voters scaled to Census 2011
PMC,3,37250,141636,45486,2012 voters scaled to Census 2011
PMC,4,30280,48386,36975,2012 voters scaled to Census 2011
PMC,5,40788,45506,49806,2012 voters scaled to Census 2011
PMC,6,37475,25209,45761,2012 voters scaled to Census 2011
PMC,7,29448,54724,35959,2012 voters scaled to Census 2011
PMC,8,31933,27631,38994,2012 voters scaled to Census 2011
PMC,9,43227,64645,52785,2012 voters scaled to Census 2011
PMC,10,29669,26505,36229,2012 voters scaled to Census 2011
PMC,11,31707,40718,38718,2012 voters scaled to Census 2011
PMC,12,26416,64957,32257,2012 voters scaled to Census 2011
PMC,13,27524,66636,33610,2012 voters scaled to Census 2011
PMC,14,32284,33423,39422,2012 voters scaled to Census 2011
PMC,15,32048,18389,39134,2012 voters scaled to Census 2011
PMC,16,25716,60902,31402,2012 voters scaled to Census 2011
PMC,17,30708,105233,37498,2012 voters scaled to Census 2011
PMC,18,30878,120336,37705,2012 voters scaled to Census 2011
PMC,19,32318,125345,39464,2012 voters scaled to Census 2011
PMC,20,34653,267009,42315,2012 voters scaled to Census 2011
PMC,21,26650,112504,32542,2012 voters scaled to Census 2011
PMC,22,28145,33353,34368,2012 voters scaled to Census 2011
PMC,23,28969,17061,35374,2012 voters scaled to Census 2011
PMC,24,28249,60133,34495,2012 voters scaled to Census 2011
PMC,25,28563,20977,34878,2012 voters scaled to Census 2011
PMC,26,31357,8520,38290,2012 voters scaled to Census 2011
PMC,27,34171,8750,41726,2012 voters scaled to Census 2011
PMC,28,40854,11369,49887,2012 voters scaled to Census 2011
PMC,29,40177,30320,49060,2012 voters scaled to Census 2011
PMC,30,46092,31100,56283,2012 voters scaled to Census 2011
PMC,31,37688,18450,46021,2012 voters scaled to Census 2011
PMC,32,31113,10232,37992,2012 voters scaled to Census 2011
PMC,33,30856,8232,37678,2012 voters scaled to Census 2011
PMC,34,29451,10261,35963,2012 voters scaled to Census 2011
PMC,35,31643,19139,38639,2012 voters scaled to Census 2011
PMC,36,28693,79433,35037,2012 voters scaled to Census 2011
PMC,37,33922,36499,41422,2012 voters scaled to Census 2011
PMC,38,35904,27689,43843,2012 voters scaled to Census 2011
PMC,39,30322,25382,37026,2012 voters scaled to Census 2011
PMC,40,25854,68034,31570,2012 voters scaled to Census 2011
PMC,41,37164,102575,45381,2012 voters scaled to Census 2011
PMC,42,,25864,41111,PMC mean voters scaled to Census 2011 (no voter count)
PMC,43,29308,28193,35788,2012 voters scaled to Census 2011
PMC,44,37913,13082,46296,2012 voters scaled to Census 2011
PMC,45,45100,146037,55072,2012 voters scaled to Census 2011
PMC,46,33757,90298,41221,2012 voters scaled to Census 2011
PMC,47,29257,28878,35726,2012 voters scaled to Census 2011
PMC,48,30608,22095,37376,2012 voters scaled to Census 2011
PMC,49,33319,26361,40686,2012 voters scaled to Census 2011
PMC,50,31056,36499,37923,2012 voters scaled to Census 2011
PMC,51,27480,32723,33556,2012 voters scaled to Census 2011
PMC,52,34703,31394,42376,2012 voters scaled to Census 2011
PMC,53,36272,15485,44292,2012 voters scaled to Census 2011
PMC,54,48206,38324,58865,2012 voters scaled to Census 2011
PMC,55,33860,15859,41347,2012 voters scaled to Census 2011
PMC,56,35499,12157,43348,2012 voters scaled to Census 2011
PMC,57,28266,33075,34516,2012 voters scaled to Census 2011
PMC,58,31214,30556,38116,2012 voters scaled to Census 2011
PMC,59,33457,25242,40854,2012 voters scaled to Census 2011
PMC,60,31822,24403,38858,2012 voters scaled to Census 2011
PMC,61,38029,95164,46437,2012 voters scaled to Census 2011
PMC,62,36315,270107,44344,2012 voters scaled to Census 2011
PMC,63,40640,105512,49626,2012 voters scaled to Census 2011
PMC,64,33114,63769,40436,2012 voters scaled to Census 2011
PMC,65,32256,17341,39388,2012 voters scaled to Census 2011
PMC,66,34558,69013,42199,2012 voters scaled to Census 2011
PMC,67,30963,50934,37809,2012 voters scaled to Census 2011
PMC,68,30420,12732,37146,2012 voters scaled to Census 2011
PMC,69,29171,19158,35621,2012 voters scaled to Census 2011
PMC,70,38542,54329,47064,2012 voters scaled to Census 2011
PMC,71,36764,91598,44893,2012 voters scaled to Census 2011
PMC,72,31859,56986,38903,2012 voters scaled to Census 2011
PMC,73,31838,19958,38878,2012 voters scaled to Census 2011
PMC,74,25005,14807,30534,2012 voters scaled to Census 2011
PMC,75,37622,39554,45940,2012 voters scaled to Census 2011
PMC,76,52866,58533,64555,2012 voters scaled to Census 2011
PCMC,1,,33992,26995,equal share of Census 2011 (no voter roll)
PCMC,2,,11873,26995,equal share of Census 2011 (no voter roll)
PCMC,3,,33963,26995,equal share of Census 2011 (no voter roll)
PCMC,4,,19745,26995,equal share of Census 2011 (no voter roll)
PCMC,5,,45563,26995,equal share of Census 2011 (no voter roll)
PCMC,6,,68155,26995,equal share of Census 2011 (no voter roll)
PCMC,7,,44116,26995,equal share of Census 2011 (no voter roll)
PCMC,8,,10578,26995,equal share of Census 2011 (no voter roll)
PCMC,9,,7541,26995,equal share of Census 2011 (no voter roll)
PCMC,10,,11513,26995,equal share of Census 2011 (no voter roll)
PCMC,11,,4792,26995,equal share of Census 2011 (no voter roll)
PCMC,12,,1669,26995,equal share of Census 2011 (no voter roll)
PCMC,13,,5483,26995,equal share of Census 2011 (no voter roll)
PCMC,14,,11513,26995,equal share of Census 2011 (no voter roll)
PCMC,15,,3670,26995,equal share of Census 2011 (no voter roll)
PCMC,16,,6937,26995,equal share of Census 2011 (no voter roll)
PCMC,17,,10506,26995,equal share of Census 2011 (no voter roll)
PCMC,18,,16680,26995,equal share of Census 2011 (no voter roll)
PCMC,19,,50628,26995,equal share of Census 2011 (no voter roll)
PCMC,20,,14089,26995,equal share of Census 2011 (no voter roll)
PCMC,21,,8002,26995,equal share of Census 2011 (no voter roll)
PCMC,22,,5382,26995,equal share of Census 2011 (no voter roll)
PCMC,23,,6562,26995,equal share of Census 2011 (no voter roll)
PCMC,24,,8073,26995,equal share of Census 2011 (no voter roll)
PCMC,25,,3310,26995,equal share of Census 2011 (no voter roll)
PCMC,26,,12247,26995,equal share of Census 2011 (no voter roll)
PCMC,27,,11815,26995,equal share of Census 2011 (no voter roll)
PCMC,28,,24350,26995,equal share of Census 2011 (no voter roll)
PCMC,29,,37432,26995,equal share of Census 2011 (no voter roll)
PCMC,30,,13729,26995,equal share of Census 2011 (no voter roll)
PCMC,31,,21443,26995,equal share of Census 2011 (no voter roll)
PCMC,32,,7368,26995,equal share of Census 2011 (no voter roll)
PCMC,33,,4548,26995,equal share of Census 2011 (no voter roll)
PCMC,34,,5426,26995,equal share of Census 2011 (no voter roll)
PCMC,35,,5800,26995,equal share of Census 2011 (no voter roll)
PCMC,36,,9254,26995,equal share of Census 2011 (no voter roll)
PCMC,37,,25688,26995,equal share of Census 2011 (no voter roll)
PCMC,38,,3310,26995,equal share of Census 2011 (no voter roll)
PCMC,39,,6303,26995,equal share of Census 2011 (no voter roll)
PCMC,40,,7325,26995,equal share of Census 2011 (no voter roll)
PCMC,41,,1986,26995,equal share of Census 2011 (no voter roll)
PCMC,42,,763,26995,equal share of Census 2011 (no voter roll)
PCMC,43,,1036,26995,equal share of Census 2011 (no voter roll)
PCMC,44,,3986,26995,equal share of Census 2011 (no voter roll)
PCMC,45,,7368,26995,equal share of Census 2011 (no voter roll)
PCMC,46,,8520,26995,equal share of Census 2011 (no voter roll)
PCMC,47,,8649,26995,equal share of Census 2011 (no voter roll)
PCMC,48,,18356,26995,equal share of Census 2011 (no voter roll)
PCMC,49,,5043,26995,equal share of Census 2011 (no voter roll)
PCMC,50,,12273,26995,equal share of Census 2011 (no voter roll)
PCMC,51,,3668,26995,equal share of Census 2011 (no voter roll)
PCMC,52,,23043,26995,equal share of Census 2011 (no voter roll)
PCMC,53,,16718,26995,equal share of Census 2011 (no voter roll)
PCMC,54,,20274,26995,equal share of Census 2011 (no voter roll)
PCMC,55,,28912,26995,equal share of Census 2011 (no voter roll)
PCMC,56,,10981,26995,equal share of Census 2011 (no voter roll)
PCMC,57,,16982,26995,equal share of Census 2011 (no voter roll)
PCMC,58,,7642,26995,equal share of Census 2011 (no voter roll)
PCMC,59,,5944,26995,equal share of Census 2011 (no voter roll)
PCMC,60,,6678,26995,equal share of Census 2011 (no voter roll)
PCMC,61,,5224,26995,equal share of Census 2011 (no voter roll)
PCMC,62,,8664,26995,equal share of Census 2011 (no voter roll)
PCMC,63,,6088,26995,equal share of Census 2011 (no voter roll)
PCMC,64,,6750,26995,equal share of Census 2011 (no voter roll)
